{
  "schema_version": "1.0.0",
  "model": "HuggingFaceTB/SmolLM2-1.7B-Instruct",
  "model_slug": "smollm2-1.7b",
  "corpus": "wikitext-2",
  "n_tokens": 1024,
  "n_agents": 2,
  "shared_frac": 0.95,
  "shared_pool": {
    "pool_id": "c184fc739be590ab2919e8c6e7ff08530d6603a5fcf4caab9ad94636dd465532",
    "num_shared_tokens": 972,
    "num_layers": 24,
    "num_kv_heads": 32,
    "head_dim": 64,
    "shared_codec": "\"fib_k4_n32\"",
    "compression_ratio": 11.130434782608695,
    "pool_size_bytes": 34338816,
    "build_seed": 42,
    "built_at_unix": 1780437170,
    "build_ms": 2645
  },
  "agents": [
    {
      "agent_id": "agent_0",
      "tail_len": 26,
      "roundtrip_ppl": 11.275545120239258,
      "forward_ms": 1600.6274223327637,
      "oracle_ppl": 11.275545120239258,
      "delta_ppl_pct": 0.0
    },
    {
      "agent_id": "agent_1",
      "tail_len": 26,
      "roundtrip_ppl": 11.275545120239258,
      "forward_ms": 94.4972038269043,
      "oracle_ppl": 11.275545120239258,
      "delta_ppl_pct": 0.0
    }
  ],
  "memory_accounting": {
    "shared_pool_bytes": 34338816,
    "shells_bytes": [
      23299742,
      23310815
    ],
    "total_with_sharing_bytes": 80949373,
    "raw_bytes_per_agent": 201326592,
    "naive_total_bytes": 402653184,
    "memory_reduction_factor": 4.974135920731591
  },
  "model_config": {
    "num_layers": 24,
    "num_kv_heads": 32,
    "head_dim": 64
  },
  "completed_at": "2026-06-02T16:55:49.486457"
}